Parasite.genus,n_lcdb,n_pubmed_gen_group
Abbreviata,12,31
Acanthobothrium,5,45
Acanthocephalus,42,145
Acanthocirrus,3,0
Acanthogyrus,2,9
Acanthosentis,2,18
Acuaria,20,22
Aelurostrongylus,18,104
Allodapa,11,7
Amidostomum,9,29
Amirthalingamia,3,6
Amoebotaenia,5,13
Amphilina,2,11
Amplicaecum,4,7
Ancyracanthopsis,1,2
Andersonstrongylus,2,0
Angiostrongylus,40,747
Anguillicola,18,107
Anisakis,35,683
Anomotaenia,10,24
Anoplocephala,13,119
Anoplotaenia,1,3
Anthobothrium,1,12
Aonchotheca,14,36
Aplectana,4,44
Aploparaksis,27,21
Aporhynchus,2,5
Aprostatandrya,2,2
Archigetes,10,11
Arhythmorhynchus,3,10
Ascaridia,21,262
Ascaris,16,1634
Ascarophis,16,38
Ascarops,10,28
Aspersentis,5,5
Aspiculuris,5,74
Atactorhynchus,1,1
Atractolytocestus,2,18
Atriotaenia,1,12
Austramphilina,2,1
Avioserpens,5,4
Avitellina,14,28
Baruscapillaria,9,11
Batrachocamallanus,3,2
Baylisascaris,28,2217
Bertiella,10,51
Biacetabulum,7,3
Blatticola,3,3
Bolbosoma,8,28
Bothridium,4,19
Bothrimonus,1,3
Bothriocephalus,47,134
Branchiopodataenia,7,2
Brevimulticaecum,3,18
Caballerorhynchus,2,1
Calliobothrium,1,13
Callotetrarhynchus,7,0
Camallanus,26,81
Capillaria,13,580
Capillospirura,2,2
Caryophyllaeus,8,36
Catenotaenia,7,17
Centrorhynchus,8,47
Cephalochlamys,3,3
Chabertia,9,136
Cheilospirura,3,15
Choanotaenia,11,32
Cittotaenia,6,13
Cladotaenia,18,11
Clavinema,2,2
Clistobothrium,8,8
Cloacotaenia,11,9
Comephoronema,1,3
Confluaria,5,14
Contracaecum,45,288
Cooperia,14,802
Corallobothrium,4,9
Corallotaenia,2,4
Coronacanthus,5,3
Corynosoma,35,111
Cosmocephalus,5,10
Crenosoma,8,70
Ctenotaenia,4,4
Cucullanus,8,71
Cyathocephalus,11,28
Cyathostoma,7,18
Cyathostomum,5,54
Cyclodontostomum,3,6
Cyclustera,13,7
Cylicocyclus,5,68
Cylicostephanus,4,60
Cyrnea,6,11
Cystidicola,10,17
Cystidicoloides,6,10
Cystocaulus,5,29
Cystoopsis,3,1
Davainea,8,24
Dentitruncus,3,11
Desportesius,4,6
Dicheilonema,2,3
Dichelyne,8,30
Dichoanotaenia,1,3
Dicranotaenia,13,5
Dictyocaulus,10,459
Didelphostrongylus,3,7
Dilepis,13,3
Dinobothrium,1,4
Dioctophyma,15,69
Dioecotaenia,3,3
Diorchis,20,16
Diphyllobothrium,41,385
Diplocotyle,5,5
Diplogonoporus,8,24
Diploposthe,8,1
Diplopylidium,8,14
Diplotriaena,7,21
Dipylidium,8,232
Dispharynx,4,33
Dollfusentis,4,3
Dracunculus,19,251
Drepanidotaenia,8,7
Duplicibothrium,4,5
Echinobothrium,9,28
Echinocephalus,10,20
Echinococcus,39,861
Echinocotyle,12,3
Echinorhynchus,38,78
Echinuria,8,13
Elaphostrongylus,18,76
Enterobius,3,212
Epomidiostomum,4,7
Equinia,5,0
Eubothrium,17,46
Eucoleus,17,101
Eurycestus,4,6
Eustrongylides,13,72
Fessisentis,8,3
Filaroides,6,34
Filicollis,5,8
Fimbriaria,19,10
Fimbriarioides,3,4
Flamingolepis,4,12
Gallegostrongylus,2,5
Gangesia,2,8
Gastrotaenia,1,4
Geopetitia,3,4
Glaridacris,10,7
Glossocercus,9,7
Gnathostoma,57,217
Goezia,1,17
Golvanacanthus,2,0
Gongylonema,28,489
Graphidium,4,25
Grillotia,6,27
Gynandrotaenia,4,2
Gyrinicola,4,10
Hadjelia,6,12
Haemonchus,20,2201
Hammerschmidtiella,4,17
Haplobothrium,5,3
Hartertia,3,2
Hassalstrongylus,2,8
Hedruris,6,15
Heligmosomoides,8,412
Heligmosomum,4,20
Hepatojarakus,2,10
Heterakis,14,215
Hexaglandula,2,7
Hexametra,11,11
Hilmylepis,4,1
Huffmanela,3,22
Hunterella,4,7
Hymenolepis,65,1072
Hyostrongylus,8,42
Hysterothylacium,21,189
Hystrichis,3,4
Ibirhynchus,3,2
Joyeuxiella,7,16
Joyeuxilepis,8,3
Khawia,11,39
Labiostrongylus,2,12
Lacistorhynchus,11,8
Lagochilascaris,11,48
Lateriporus,9,2
Leidynema,4,12
Leptorhynchoides,3,27
Libyostrongylus,3,25
Liga,2,3
Ligula,28,99
Lineolepis,10,1
Lueheia,3,1
Macracanthorhynchus,20,67
Mastophorus,8,29
Mathevolepis,2,5
Mathevotaenia,4,14
Maupasina,2,5
Mediorhynchus,5,23
Megalobatrachonema,2,9
Megathylacoides,3,4
Mesidionema,1,0
Mesocestoides,19,375
Metacanthocephalus,4,2
Metaleptus,3,1
Metastrongylus,11,88
Metroliasthes,2,3
Microcephaloides,3,1
Micropleura,2,5
Microsomacanthus,28,26
Microtetrameres,7,13
Molineus,3,30
Molluscotaenia,6,2
Moniezia,26,196
Moniliformis,21,177
Monobothrium,8,10
Monoecocestus,5,18
Mosgovoyia,12,23
Muellerius,12,94
Multitesticulata,3,3
Muspicea,2,4
Nematodiroides,1,7
Nematodirus,17,661
Nematoparataenia,3,1
Neocamallanus,5,2
Neoctenotaenia,5,1
Neoechinorhynchus,23,101
Neogryporhynchus,7,11
Neoskrjabinolepis,7,5
Neostrongylus,9,35
Nesolecithus,2,2
Nippotaenia,4,4
Nybelinia,8,24
Obeliscoides,7,23
Octospinifer,1,3
Octospiniferoides,2,1
Oesophagostomum,24,682
Ohbayashinema,2,5
Oligacanthorhynchus,2,10
Ollulanus,3,22
Onchobothrium,2,4
Onchocamallanus,2,0
Oncicola,5,18
Oochoristica,27,52
Ophidascaris,7,13
Ophiotaenia,24,14
Ophryocotyle,6,0
Ornithostrongylus,2,4
Oslerus,9,21
Ostertagia,9,1108
Oswaldocruzia,3,61
Otostrongylus,6,13
Oxyspirura,4,16
Oxyuris,4,61
Pallisentis,3,19
Parabisaccanthes,3,3
Paracamallanus,5,12
Paracapillaria,7,8
Parachristianella,6,11
Paracuaria,11,9
Paradilepis,10,17
Parafilaroides,4,24
Paranoplocephala,10,35
Paraorygmatobothrium,1,13
Paraquimperia,3,11
Parascaris,4,2262
Parasciurotaenia,2,0
Paraspiralatus,2,2
Paratenuisentis,4,23
Parelaphostrongylus,18,95
Paricterotaenia,7,6
Paruterina,10,5
Parvitaenia,4,9
Passalurus,4,35
Passerilepis,7,2
Paulisentis,3,5
Pearsonema,8,18
Pediobothrium,1,0
Pharurus,3,2
Philometra,17,120
Philometroides,15,40
Philonema,10,9
Phoreiobothrium,1,8
Physaloptera,18,561
Physocephalus,11,38
Placoconus,1,1
Plagiorhynchus,11,14
Platyscolex,8,2
Pneumostrongylus,2,15
Poecilancistrium,4,3
Polydelphis,4,2
Polymorphus,23,111
Polyonchobothrium,5,8
Pomphorhynchus,21,171
Porrocaecum,11,37
Procamallanus,10,71
Prochristianella,5,18
Procyrnea,1,10
Profilicollis,24,31
Proleptus,9,8
Prosthenorchis,4,12
Protenema,1,1
Proteocephalus,49,132
Protospirura,9,34
Protostrongylus,24,63
Pseudalius,2,5
Pseudanoplocephala,3,5
Pseudanthobothrium,2,7
Pseudhymenolepis,5,3
Pseudocapillaria,5,22
Pseudocorynosoma,6,7
Pseudodelphis,2,4
Pseudophysaloptera,1,5
Pseudoproleptus,1,6
Pseudoterranova,25,135
Pterygodermatites,26,44
Ptilotolepis,3,0
Quadriplotriaena,2,0
Rabbium,1,0
Raillietina,25,6250
Raphidascaris,14,79
Retinometra,4,3
Rhabdochona,23,79
Rhodobothrium,3,7
Rictularia,5,21
Rodentolepis,20,36
Ryjikovilepis,2,0
Salvelinema,4,5
Schistocephalus,33,156
Schistotaenia,6,2
Schizorchis,2,4
Sciurotaenia,2,0
Sclerocollum,1,8
Serpinema,5,15
Serratospiculum,5,16
Seuratum,2,7
Sicarius,3,5
Simondsia,6,5
Skrjabinelazia,2,10
Skrjabinema,2,26
Skrjabingylus,15,16
Skrjabinocerca,6,3
Skrjabinoclava,4,4
Skrjabinoptera,4,5
Sobolevicanthus,16,10
Soboliphyme,9,10
Southwellina,6,10
Spathebothrium,2,3
Sphaerirostris,3,9
Spinicauda,1,6
Spinitectus,8,43
Spirocamallanus,11,55
Spirocerca,16,439
Spirometra,19,248
Spiroxys,7,21
Spirura,7,13
Spongiobothrium,1,3
Staphylocystis,13,11
Stephanurus,8,42
Sterliadochona,1,2
Stilesia,8,28
Streptocara,11,11
Streptopharagus,7,15
Strongylus,10,141
Subulura,7,32
Sulcascaris,5,6
Syncuaria,5,11
Syngamus,12,47
Syphacia,9,414
Taenia,124,1128
Tanaorhamphus,3,1
Tarsubulura,2,1
Tatria,5,7
Tegorhynchus,2,3
Teladorsagia,6,516
Tetrabothrius,8,36
Tetrameres,19,483
Thelastoma,2,17
Thubunaea,1,8
Thysaniezia,3,12
Toxascaris,11,183
Toxocara,27,762
Travassosascaris,2,1
Triaenophorus,27,72
Trichosomoides,4,36
Trichospirura,3,12
Trichostrongylus,28,1500
Trichuris,28,1175
Trilobostrongylus,2,0
Triodontolepis,3,3
Triodontophorus,3,40
Troglostrongylus,3,39
Truttaedacnitis,7,11
Tschertkovilepis,3,2
Turgida,7,12
Umingmakstrongylus,3,9
Uncinaria,4,119
Urocystis,5,1
Valipora,15,11
Vampirolepis,2,24
Varestrongylus,12,23
Variolepis,12,0
Vaucherilepis,1,1
Vigisolepis,4,1
Vigisospirura,3,2
Wardium,10,19
