"parasite_genus","parasite_family","parasite_order","parasite_class","parasite_phylum","species_diversity_in_genus","avg_lcl_max","study_effort","num_hosts_lcdb_nhm","hsi_lcdb_nhm","var_hsi_lcdb_nhm"
"Abbreviata","Physalopteridae","Spirurida","Chromadorea","Nematoda",44,2.25,31,255,4.05361606063049,2.02090988629208
"Acanthobothrium","Onchobothriidae","Tetraphyllidea","Cestoda","Platyhelminthes",152,2.5,45,243,3.77387887820079,0.697412796059763
"Acanthocephalus","Echinorhynchidae","Echinorhynchida","Palaeacanthocephala","Acanthocephala",42,2.1,145,427,4.51778051113844,1.01436883360679
"Acanthocirrus","Dilepididae","Cyclophyllidea","Cestoda","Platyhelminthes",6,2,0,11,3.57142857142857,3.10204081632653
"Acanthogyrus","Quadrigyridae","Gyracanthocephala","Eoacanthocephala","Acanthocephala",24,2,9,77,3.43634767339772,1.11337594936026
"Acanthosentis","Quadrigyridae","Gyracanthocephala","Eoacanthocephala","Acanthocephala",27,2,18,45,3.69047619047619,0.972448979591837
"Acuaria","Acuariidae","Spirurida","Chromadorea","Nematoda",37,2,22,222,4.42174679855839,1.68885764956129
"Aelurostrongylus","Angiostrongylidae","Rhabditida","Chromadorea","Nematoda",5,2.66666666666667,104,73,4.78289810547875,1.95593896401587
"Allodapa","Subuluridae","Ascaridida","Chromadorea","Nematoda",4,2,7,24,4.66666666666667,1.81286549707602
"Amidostomum","Amidostomatidae","Rhabditida","Chromadorea","Nematoda",15,1,29,113,2.98700564971751,1.12920967793418
"Amirthalingamia","Dilepididae","Cyclophyllidea","Cestoda","Platyhelminthes",2,3,6,8,3.86666666666667,2.11555555555556
"Amoebotaenia","Dilepididae","Cyclophyllidea","Cestoda","Platyhelminthes",23,2,13,43,4.78347578347578,1.94172125226256
"Amphilina","Amphilinidae","Amphilinidea","Cestoda","Platyhelminthes",5,2,11,25,4.07905138339921,4.14394850724117
"Ophidascaris","Ophidascaridae","Ascaridida","Chromadorea","Nematoda",32,2.33333333333333,7,228,3.914975131066,1.2673372456512
"Ancyracanthopsis","Acuariidae","Spirurida","Chromadorea","Nematoda",8,2,2,27,3.53157894736842,1.35426592797784
"Andersonstrongylus","Metastrongylidae","Rhabditida","Chromadorea","Nematoda",1,1,0,1,1,NA
"Angiostrongylus","Angiostrongylidae","Rhabditida","Chromadorea","Nematoda",23,2.22222222222222,747,231,4.79875962360992,1.90368537335692
"Anguillicola","Anguillicolidae","Spirurida","Chromadorea","Nematoda",8,3,107,102,4.71887550200803,1.95481870108086
"Anisakis","Anisakidae","Ascaridida","Chromadorea","Nematoda",27,4,683,1307,4.45589019452948,0.71537271484444
"Anomotaenia","Dilepididae","Cyclophyllidea","Cestoda","Platyhelminthes",58,2,24,195,3.93664516129032,1.11456680957336
"Anoplocephala","Anoplocephalidae","Cyclophyllidea","Cestoda","Platyhelminthes",15,2,119,56,4.33333333333333,1.53333333333333
"Anoplotaenia","Taeniidae","Cyclophyllidea","Cestoda","Platyhelminthes",1,2,3,14,3.46153846153846,0.644125105663567
"Anthobothrium","Phyllobothriidae","Phyllobothriidea","Cestoda","Platyhelminthes",16,3,12,40,4.33868092691622,1.53591911566117
"Aonchotheca","Capillariidae","Trichocephalida","Enoplea","Nematoda",28,1.8,36,186,4.60099502487562,0.963735881125055
"Aplectana","Cosmocercidae","Ascaridida","Chromadorea","Nematoda",36,1.5,44,176,3.21974789915966,0.839525986865334
"Aploparaksis","Hymenolepididae","Cyclophyllidea","Cestoda","Platyhelminthes",70,2,21,356,4.03681370993335,1.95738800687011
"Aporhynchus","Aporhynchidae","Trypanorhyncha","Cestoda","Platyhelminthes",2,3,5,5,5,3.33333333333333
"Aprostatandrya","Anoplocephalidae","Cyclophyllidea","Cestoda","Platyhelminthes",9,2,2,57,3.39206349206349,2.58120685311162
"Archigetes","Caryophyllaeidae","Caryophyllidea","Cestoda","Platyhelminthes",5,2,11,33,3.70652173913043,3.69285601764335
"Arhythmorhynchus","Polymorphidae","Polymorphida","Palaeacanthocephala","Acanthocephala",16,2,10,56,4.31560283687943,1.51032392736784
"Ascaridia","Ascaridiidae","Ascaridida","Chromadorea","Nematoda",25,1,262,151,4.11235009467705,1.22070377644487
"Ascaris","Ascarididae","Ascaridida","Chromadorea","Nematoda",151,1,1634,305,4.57266138829542,0.448901127812056
"Ascarophis","Cystidicolidae","Spirurida","Chromadorea","Nematoda",43,2,38,292,4.26603079751781,1.11964361109472
"Ascarops","Spirocercidae","Spirurida","Chromadorea","Nematoda",7,3,28,133,4.77240896358543,2.28643761426139
"Aspersentis","Heteracanthocephalidae","Echinorhynchida","Palaeacanthocephala","Acanthocephala",6,2,5,47,4.20075757575758,2.64909033516988
"Aspiculuris","Heteroxynematidae","Oxyurida","Chromadorea","Nematoda",16,1,74,70,2.7987987987988,0.977536094653212
"Atactorhynchus","Neoechinorhynchidae","Neoechinorhynchida","Eoacanthocephala","Acanthocephala",2,2,1,4,5,1
"Atractolytocestus","Lytocestidae","Caryophyllidea","Cestoda","Platyhelminthes",4,2,18,7,3.5,6.25
"Atriotaenia","Anoplocephalidae","Cyclophyllidea","Cestoda","Platyhelminthes",3,2,12,5,4.83333333333333,1.47222222222222
"Austramphilina","Amphilinidae","Amphilinidea","Cestoda","Platyhelminthes",1,2,1,4,4.33333333333333,2.88888888888889
"Avioserpens","Dracunculidae","Spirurida","Chromadorea","Nematoda",7,2.66666666666667,4,52,4.62731152204836,2.42155849043623
"Avitellina","Anoplocephalidae","Cyclophyllidea","Cestoda","Platyhelminthes",16,2,28,66,3.83174603174603,3.02248425296044
"Baruscapillaria","Capillariidae","Trichocephalida","Enoplea","Nematoda",25,1,11,227,3.85031822712982,0.395814828568163
"Batrachocamallanus","Camallanidae","Spirurida","Chromadorea","Nematoda",5,2,2,17,2.65454545454545,5.46247933884298
"Baylisascaris","Ascarididae","Ascaridida","Chromadorea","Nematoda",9,1.875,2217,107,4.1688098495212,0.773418419383151
"Bertiella","Anoplocephalidae","Cyclophyllidea","Cestoda","Platyhelminthes",40,2,51,85,3.76380153738644,1.19089092916605
"Biacetabulum","Caryophyllaeidae","Caryophyllidea","Cestoda","Platyhelminthes",5,2,3,22,4,3.05
"Blatticola","Thelastomatidae","Oxyurida","Chromadorea","Nematoda",11,1,3,19,3.35714285714286,1.01530612244898
"Bolbosoma","Polymorphidae","Polymorphida","Palaeacanthocephala","Acanthocephala",16,3,28,163,4.36074561403509,0.940257338796553
"Bothridium","Diphyllobothriidae","Diphyllobothriidea","Cestoda","Platyhelminthes",10,3,19,16,3.66666666666667,1.82828282828283
"Bothrimonus","Acrobothriidae","Spathebothriidea","Cestoda","Platyhelminthes",5,2,3,27,3.67532467532468,1.50930454826559
"Bothriocephalus","Bothriocephalidae","Bothriocephalidea","Cestoda","Platyhelminthes",58,2.5,134,536,4.22156956764964,0.93166027654104
"Branchiopodataenia","Hymenolepididae","Cyclophyllidea","Cestoda","Platyhelminthes",5,2,2,33,4.16666666666667,4.28888888888889
"Brevimulticaecum","Anisakidae","Ascaridida","Chromadorea","Nematoda",10,2,18,35,4.43384615384615,1.06408520710059
"Caballerorhynchus","Cavisomidae","Echinorhynchida","Palaeacanthocephala","Acanthocephala",1,2,1,9,4.13888888888889,1.45293209876543
"Calliobothrium","Onchobothriidae","Tetraphyllidea","Cestoda","Platyhelminthes",17,2,13,29,3.3,2.84157894736842
"Callitetrarhynchus","Lacistorhynchidae","Trypanorhyncha","Cestoda","Platyhelminthes",9,4,0,227,4.04100806195645,0.526471706467094
"Camallanus","Camallanidae","Spirurida","Chromadorea","Nematoda",112,2.57142857142857,81,428,4.2364150324323,0.679147431695482
"Capillaria","Capillariidae","Trichocephalida","Enoplea","Nematoda",219,2,580,1449,4.67013576472787,0.431725436453198
"Capillospirura","Cystidicolidae","Spirurida","Chromadorea","Nematoda",4,2,2,16,3.2,4.77818181818182
"Caryophyllaeus","Caryophyllaeidae","Caryophyllidea","Cestoda","Platyhelminthes",14,2,36,115,3.63299232736573,2.26641363762229
"Catenotaenia","Catenotaeniidae","Cyclophyllidea","Cestoda","Platyhelminthes",18,2,17,94,2.71907756813417,0.737295026128537
"Centrorhynchus","Centrorhynchidae","Polymorphida","Palaeacanthocephala","Acanthocephala",48,3,47,282,4.52781623339999,0.817651627615265
"Cephalochlamys","Cephalochlamydidae","Pseudophyllidea","Cestoda","Platyhelminthes",4,2,3,17,3.78205128205128,5.24737015121631
"Chabertia","Chabertiidae","Rhabditida","Chromadorea","Nematoda",5,1,136,30,2.68831168831169,0.491594985101479
"Cheilospirura","Acuariidae","Spirurida","Chromadorea","Nematoda",6,2,15,16,4.21904761904762,1.75201814058957
"Choanotaenia","Dilepididae","Cyclophyllidea","Cestoda","Platyhelminthes",58,2,32,162,4.68147947432597,1.37436095978057
"Cittotaenia","Anoplocephalidae","Cyclophyllidea","Cestoda","Platyhelminthes",8,2,13,23,4.28070175438596,3.19606032625423
"Cladotaenia","Paruterinidae","Cyclophyllidea","Cestoda","Platyhelminthes",13,2,11,114,4.06315789473684,1.46267774699908
"Clavinema","Philometridae","Spirurida","Chromadorea","Nematoda",3,2,2,12,4.65151515151515,2.19674012855831
"Clistobothrium","Phyllobothriidae","Phyllobothriidea","Cestoda","Platyhelminthes",4,3.5,8,16,3.95454545454545,2.31611570247934
"Cloacotaenia","Hymenolepididae","Cyclophyllidea","Cestoda","Platyhelminthes",1,2,9,74,2.66988586479368,2.13246451726288
"Comephoronema","Cystidicolidae","Spirurida","Chromadorea","Nematoda",5,2,3,10,4.62222222222222,1.16839506172839
"Confluaria","Hymenolepididae","Cyclophyllidea","Cestoda","Platyhelminthes",9,2,14,48,4.12857142857143,3.09299319727891
"Contracaecum","Anisakidae","Ascaridida","Chromadorea","Nematoda",106,3.44444444444444,288,1447,4.54011072449211,0.655221133009184
"Cooperia","Cooperiidae","Rhabditida","Chromadorea","Nematoda",28,1,802,178,2.5867269984917,0.42799878972357
"Corallobothrium","Proteocephalidae","Proteocephalidea","Cestoda","Platyhelminthes",7,2.5,9,31,4.11594202898551,3.24742701113211
"Corallotaenia","Proteocephalidae","Proteocephalidea","Cestoda","Platyhelminthes",3,2,4,8,4.14285714285714,4.12244897959184
"Coronacanthus","Hymenolepididae","Cyclophyllidea","Cestoda","Platyhelminthes",11,2,3,50,3.89047619047619,4.55467120181406
"Corynosoma","Polymorphidae","Polymorphida","Palaeacanthocephala","Acanthocephala",42,3,111,635,4.49440575308513,0.703861986068733
"Cosmocephalus","Acuariidae","Spirurida","Chromadorea","Nematoda",9,3,10,108,4.43404165790027,0.962670326057592
"Crenosoma","Crenosomatidae","Rhabditida","Chromadorea","Nematoda",16,2.5,70,103,4.66211180124224,2.26181500199324
"Ctenotaenia","Anoplocephalidae","Cyclophyllidea","Cestoda","Platyhelminthes",4,2,4,11,4.22222222222222,2.39506172839506
"Cucullanus","Cucullanidae","Ascaridida","Chromadorea","Nematoda",116,2,71,422,4.10429447852761,0.456003265807173
"Cyathocephalus","Acrobothriidae","Spathebothriidea","Cestoda","Platyhelminthes",2,2,28,101,3.96688596491228,2.52017539050477
"Cyathostoma","Syngamidae","Rhabditida","Chromadorea","Nematoda",8,2,18,71,4.3843137254902,1.37073433294887
"Cyathostomum","Strongylidae","Rhabditida","Chromadorea","Nematoda",24,1,54,49,1,0
"Cyclodontostomum","Chabertiidae","Rhabditida","Chromadorea","Nematoda",2,1,6,18,2.40441176470588,1.0055687716263
"Cyclustera","Dilepididae","Cyclophyllidea","Cestoda","Platyhelminthes",4,3,7,36,4.20307692307692,0.894144378698225
"Cylicocyclus","Strongylidae","Rhabditida","Chromadorea","Nematoda",18,1,68,53,1.75,1.6875
"Cylicostephanus","Strongylidae","Rhabditida","Chromadorea","Nematoda",18,1,60,40,1,0
"Cyrnea","Habronematidae","Spirurida","Chromadorea","Nematoda",22,2.33333333333333,11,74,3.89717514124294,1.37134795237639
"Cystidicola","Cystidicolidae","Spirurida","Chromadorea","Nematoda",7,3,17,78,3.86682692307692,2.45101493158284
"Cystidicoloides","Cystidicolidae","Spirurida","Chromadorea","Nematoda",8,3,10,80,3.95875706214689,2.0372820709247
"Cystocaulus","Protostrongylidae","Rhabditida","Chromadorea","Nematoda",4,2,29,53,3.56648936170213,2.67288412931945
"Cystoopsis","Cystoopsidae","Trichocephalida","Enoplea","Nematoda",6,2,1,22,3.54945054945055,4.55524695085135
"Davainea","Davaineidae","Cyclophyllidea","Cestoda","Platyhelminthes",40,2,24,74,4.617749825297,1.63236139373687
"Dentitruncus","Illiosentidae","Echinorhynchida","Palaeacanthocephala","Acanthocephala",1,2,11,4,4.66666666666667,3.55555555555556
"Desportesius","Acuariidae","Spirurida","Chromadorea","Nematoda",11,3.5,6,47,4.27985739750446,1.60617181567166
"Dicheilonema","Diplotriaenidae","Spirurida","Chromadorea","Nematoda",5,3,3,31,4.49195402298851,2.84303871052979
"Dichelyne","Cucullanidae","Ascaridida","Chromadorea","Nematoda",37,1.66666666666667,30,110,3.90635964912281,0.41425780047707
"Dichoanotaenia","Dilepididae","Cyclophyllidea","Cestoda","Platyhelminthes",8,2,3,26,2.92307692307692,1.99408284023669
"Dicranotaenia","Hymenolepididae","Cyclophyllidea","Cestoda","Platyhelminthes",39,3,5,147,4.66868686868687,2.39851443730232
"Dictyocaulus","Dictyocaulidae","Rhabditida","Chromadorea","Nematoda",15,1,459,98,2.94242424242424,0.656280991735537
"Didelphostrongylus","Angiostrongylidae","Rhabditida","Chromadorea","Nematoda",1,2,7,4,4.5,4.58333333333333
"Dilepis","Dilepididae","Cyclophyllidea","Cestoda","Platyhelminthes",23,2,3,108,4.23201094391245,1.02086312436724
"Dinobothrium","Phyllobothriidae","Phyllobothriidea","Cestoda","Platyhelminthes",3,3,4,11,4.85714285714286,2.55102040816327
"Dioctophyme","Dioctophymidae","Dioctophymatida","Enoplea","Nematoda",3,3,69,77,4.35372340425532,1.20555351214728
"Dioecotaenia","Dioecotaeniidae","Tetraphyllidea","Cestoda","Platyhelminthes",2,2,3,6,5,3.33333333333333
"Diorchis","Hymenolepididae","Cyclophyllidea","Cestoda","Platyhelminthes",42,2.375,16,412,4.7554419092578,2.44805916086622
"Diphyllobothrium","Diphyllobothriidae","Diphyllobothriidea","Cestoda","Platyhelminthes",75,4,385,598,4.78270509977827,0.935556250574368
"Diplocotyle","Acrobothriidae","Spathebothriidea","Cestoda","Platyhelminthes",3,2,5,69,4.1884280593958,1.74022451312972
"Diplogonoporus","Diphyllobothriidae","Diphyllobothriidea","Cestoda","Platyhelminthes",9,3,24,35,4.16600790513834,1.51394335171617
"Diploposthe","Hymenolepididae","Cyclophyllidea","Cestoda","Platyhelminthes",5,2.5,1,72,4.8945420906568,2.63457705673901
"Diplopylidium","Dipylidiidae","Cyclophyllidea","Cestoda","Platyhelminthes",16,3,14,101,3.70677966101695,1.23097098534904
"Diplotriaena","Diplotriaenidae","Spirurida","Chromadorea","Nematoda",44,2,21,171,3.5062999593551,0.955826724277197
"Dipylidium","Dipylidiidae","Cyclophyllidea","Cestoda","Platyhelminthes",13,2,232,45,4.22222222222222,2.35802469135802
"Dispharynx","Acuariidae","Spirurida","Chromadorea","Nematoda",12,2,33,116,4.26247330615414,1.0345828169442
"Dollfusentis","Illiosentidae","Echinorhynchida","Palaeacanthocephala","Acanthocephala",5,2,3,44,4.06282051282051,0.787079224194609
"Dracunculus","Dracunculidae","Spirurida","Chromadorea","Nematoda",13,2.83333333333333,251,87,4.71442307692308,2.45690735946746
"Drepanidotaenia","Hymenolepididae","Cyclophyllidea","Cestoda","Platyhelminthes",12,2,7,80,4.61954365079365,2.68114582349143
"Duplicibothrium","Serendipidae","Tetraphyllidea","Cestoda","Platyhelminthes",4,2,5,9,4.86666666666667,2.38222222222222
"Echinobothrium","Echinobothriidae","Diphyllidea","Cestoda","Platyhelminthes",22,2,28,57,4.44503546099291,1.87109237462904
"Echinocephalus","Gnathostomatidae","Spirurida","Chromadorea","Nematoda",18,2,20,86,4.79851330203443,1.15463002760083
"Echinococcus","Taeniidae","Cyclophyllidea","Cestoda","Platyhelminthes",19,2,861,316,3.72373508844097,0.435812622540912
"Echinocotyle","Hymenolepididae","Cyclophyllidea","Cestoda","Platyhelminthes",30,2.25,3,211,4.81716810435514,2.12037009944974
"Echinorhynchus","Echinorhynchidae","Echinorhynchida","Palaeacanthocephala","Acanthocephala",92,2.25,78,570,4.40499152183128,1.00361999074344
"Echinuria","Acuariidae","Spirurida","Chromadorea","Nematoda",10,2,13,79,3.93894165535957,2.63173094684466
"Elaphostrongylus","Protostrongylidae","Rhabditida","Chromadorea","Nematoda",7,2,76,57,4.52702702702703,2.44146173200227
"Enterobius","Oxyuridae","Oxyurida","Chromadorea","Nematoda",18,1,212,39,3.08547008547009,1.38300825480313
"Epomidiostomum","Amidostomatidae","Rhabditida","Chromadorea","Nematoda",14,1,7,132,2.46580946814728,1.00862060425869
"Equinia","Anoplocephalidae","Cyclophyllidea","Cestoda","Platyhelminthes",1,2,0,8,3.42857142857143,2.60204081632653
"Eubothrium","Triaenophoridae","Bothriocephalidea","Cestoda","Platyhelminthes",10,3,46,143,4.24519350811486,1.87296378902153
"Eucoleus","Capillariidae","Trichocephalida","Enoplea","Nematoda",24,2,101,281,4.22618432385874,0.835920754999737
"Eurycestus","Dilepididae","Cyclophyllidea","Cestoda","Platyhelminthes",1,2,6,7,4.09523809523809,4.18140589569161
"Eustrongylides","Dioctophymidae","Dioctophymatida","Enoplea","Nematoda",17,3.66666666666667,72,351,4.50114942528736,0.585041413864244
"Fessisentis","Fessisentidae","Echinorhynchida","Palaeacanthocephala","Acanthocephala",6,2,3,29,4.49,1.96323333333333
"Filaroides","Filaroididae","Rhabditida","Chromadorea","Nematoda",18,2,34,67,4.07397959183673,1.66544538733861
"Filicollis","Polymorphidae","Polymorphida","Palaeacanthocephala","Acanthocephala",3,2,8,35,3.59784946236559,2.24042548271476
"Fimbriaria","Hymenolepididae","Cyclophyllidea","Cestoda","Platyhelminthes",8,3,10,170,4.60716382853787,2.97815185043561
"Fimbriarioides","Hymenolepididae","Cyclophyllidea","Cestoda","Platyhelminthes",4,2,4,23,4.73333333333333,2.89079365079365
"Flamingolepis","Hymenolepididae","Cyclophyllidea","Cestoda","Platyhelminthes",7,2,12,27,4.59090909090909,3.39325068870523
"Gallegostrongylus","Metastrongylidae","Rhabditida","Chromadorea","Nematoda",2,2,5,14,4.25757575757576,3.91850321395776
"Gangesia","Proteocephalidae","Proteocephalidea","Cestoda","Platyhelminthes",28,3,8,45,3.68945868945869,1.00612819701139
"Gastrotaenia","Nematoparataeniidae","Aporidea","Cestoda","Platyhelminthes",5,2,4,39,2.77492877492877,3.12028311458511
"Geopetitia","Tetrameridae","Spirurida","Chromadorea","Nematoda",2,2,4,30,3.87464387464387,1.91021176776163
"Glaridacris","Caryophyllaeidae","Caryophyllidea","Cestoda","Platyhelminthes",7,2,7,42,4.2258064516129,3.4522372528616
"Glossocercus","Gryporhynchidae","Cyclophyllidea","Cestoda","Platyhelminthes",8,3,7,48,4.04307692307692,1.83199053254438
"Gnathostoma","Gnathostomatidae","Spirurida","Chromadorea","Nematoda",20,3.77777777777778,217,383,4.8652675216997,0.709532092572573
"Goezia","Raphidascarididae","Ascaridida","Chromadorea","Nematoda",36,3,17,129,4.15407711757269,0.46440815587336
"Golvanacanthus","Rhadinorhynchidae","Echinorhynchida","Palaeacanthocephala","Acanthocephala",2,2,0,10,4.07142857142857,1.85204081632653
"Gongylonema","Gongylonematidae","Spirurida","Chromadorea","Nematoda",30,2,489,270,4.74579101782893,2.0333240809033
"Graphidium","Haemonchidae","Rhabditida","Chromadorea","Nematoda",1,1,25,7,2.71428571428571,1.72789115646258
"Grillotia","Lacistorhynchidae","Trypanorhyncha","Cestoda","Platyhelminthes",35,3,27,267,4.37416794674859,0.627236784219218
"Gynandrotaenia","Progynotaeniidae","Cyclophyllidea","Cestoda","Platyhelminthes",1,2,2,5,4.33333333333333,5.55555555555555
"Gyrinicola","Pharyngodonidae","Oxyurida","Chromadorea","Nematoda",2,1,10,13,2.64285714285714,0.301020408163265
"Hadjelia","Habronematidae","Spirurida","Chromadorea","Nematoda",6,2,12,22,4.54736842105263,1.3214404432133
"Haemonchus","Haemonchidae","Rhabditida","Chromadorea","Nematoda",21,1,2201,153,2.74842105263158,0.626181717451524
"Hammerschmidtiella","Thelastomatidae","Oxyurida","Chromadorea","Nematoda",13,1,17,24,3.69166666666667,2.22993055555556
"Haplobothrium","Haplobothriidae","Haplobothriidea","Cestoda","Platyhelminthes",1,3,3,6,4.66666666666667,0.888888888888889
"Hartertia","Hartertiidae","Spirurida","Chromadorea","Nematoda",6,2,2,14,4.01818181818182,2.74512396694215
"Hassalstrongylus","Heligmosomatidae","Rhabditida","Chromadorea","Nematoda",14,1,8,27,2.11029411764706,0.333423442906574
"Hedruris","Hedruridae","Spirurida","Chromadorea","Nematoda",11,2,15,54,4.76638477801268,0.859800249408883
"Heligmosomoides","Heligmosomatidae","Rhabditida","Chromadorea","Nematoda",30,1,412,119,2.45647058823529,0.549281660899654
"Heligmosomum","Heligmosomidae","Rhabditida","Chromadorea","Nematoda",22,1,20,92,2.67560975609756,1.00452706722189
"Hepatojarakus","Molineidae","Rhabditida","Chromadorea","Nematoda",3,1,10,7,1.33333333333333,0.222222222222222
"Heterakis","Heterakidae","Ascaridida","Chromadorea","Nematoda",29,2,215,176,4.08273561301084,1.61984372576257
"Hexaglandula","Polymorphidae","Polymorphida","Palaeacanthocephala","Acanthocephala",5,2,7,13,4.66666666666667,2.33333333333333
"Hexametra","Ophidascaridae","Ascaridida","Chromadorea","Nematoda",8,2.33333333333333,11,95,3.4601747815231,1.30009934523169
"Hilmylepis","Hymenolepididae","Cyclophyllidea","Cestoda","Platyhelminthes",3,2,1,10,2.17777777777778,3.79061728395062
"Huffmanela","Trichosomoididae","Trichocephalida","Enoplea","Nematoda",10,2,22,23,3.97835497835498,2.26360075710725
"Hunterella","Caryophyllaeidae","Caryophyllidea","Cestoda","Platyhelminthes",1,2,7,5,4,6
"Hymenolepis","Hymenolepididae","Cyclophyllidea","Cestoda","Platyhelminthes",601,2,1072,2112,4.59078070617677,0.959458231070534
"Hyostrongylus","Haemonchidae","Rhabditida","Chromadorea","Nematoda",4,1,42,10,3.38095238095238,0.521541950113379
"Hysterothylacium","Raphidascarididae","Ascaridida","Chromadorea","Nematoda",93,2.5,189,953,4.38199780970412,0.821357808511367
"Hystrichis","Dioctophymidae","Dioctophymatida","Enoplea","Nematoda",4,2,4,19,4.13235294117647,2.23248269896194
"Ibirhynchus","Polymorphidae","Polymorphida","Palaeacanthocephala","Acanthocephala",1,2,2,4,5,2.33333333333333
"Joyeuxiella","Dipylidiidae","Cyclophyllidea","Cestoda","Platyhelminthes",12,3,16,86,3.9381279746166,1.17702854205719
"Joyeuxilepis","Amabiliidae","Cyclophyllidea","Cestoda","Platyhelminthes",8,2,3,38,4.02857142857143,3.73251700680272
"Khawia","Lytocestidae","Caryophyllidea","Cestoda","Platyhelminthes",12,2,39,51,3.77620967741935,2.95596627861603
"Labiostrongylus","Cloacinidae","Rhabditida","Chromadorea","Nematoda",40,1,12,108,1.85775248933144,0.227276314271897
"Lacistorhynchus","Lacistorhynchidae","Trypanorhyncha","Cestoda","Platyhelminthes",4,3,8,89,4.40238704177323,0.807394131528589
"Lagochilascaris","Ascarididae","Ascaridida","Chromadorea","Nematoda",5,2,48,30,3.67368421052632,0.41983379501385
"Lateriporus","Dilepididae","Cyclophyllidea","Cestoda","Platyhelminthes",14,2,2,72,3.68452380952381,1.56799178004535
"Leidynema","Thelastomatidae","Oxyurida","Chromadorea","Nematoda",8,1,12,19,2.74725274725275,0.606448496558387
"Leptorhynchoides","Rhadinorhynchidae","Echinorhynchida","Palaeacanthocephala","Acanthocephala",10,2.57142857142857,27,119,3.99335443037975,0.712297608556321
"Libyostrongylus","Cooperiidae","Rhabditida","Chromadorea","Nematoda",3,1,25,3,1,NA
"Liga","Dilepididae","Cyclophyllidea","Cestoda","Platyhelminthes",19,2,3,28,3.87012987012987,0.909540675774442
"Ligula","Diphyllobothriidae","Diphyllobothriidea","Cestoda","Platyhelminthes",10,3,99,238,4.34861221252974,1.60725620251541
"Lineolepis","Hymenolepididae","Cyclophyllidea","Cestoda","Platyhelminthes",8,2,1,26,4.34199134199134,3.25533629429733
"Lueheia","Plagiorhynchidae","Polymorphida","Palaeacanthocephala","Acanthocephala",1,3,1,9,4.66666666666667,1.33333333333333
"Macracanthorhynchus","Oligacanthorhynchidae","Oligacanthorhynchida","Archiacanthocephala","Acanthocephala",5,2.66666666666667,67,124,4.84415841584158,1.91016884619155
"Mastophorus","Spirocercidae","Spirurida","Chromadorea","Nematoda",3,2,29,78,4.38059977786005,2.13948294274708
"Mathevolepis","Hymenolepididae","Cyclophyllidea","Cestoda","Platyhelminthes",5,2,5,23,2.31868131868132,4.85448617316749
"Mathevotaenia","Anoplocephalidae","Cyclophyllidea","Cestoda","Platyhelminthes",19,2,14,45,4.53536585365854,1.73411511005354
"Maupasina","Subuluridae","Ascaridida ","Chromadorea","Nematoda",1,2,5,2,6,0
"Mediorhynchus","Giganthorhynchidae","Gigantorhynchida","Archiacanthocephala","Acanthocephala",24,2,23,147,4.15919238982722,1.59143122507119
"Megalobatrachonema","Kathlaniidae","Ascaridida","Chromadorea","Nematoda",6,2,9,15,3.79487179487179,2.65023011176857
"Megathylacoides","Proteocephalidae","Proteocephalidea","Cestoda","Platyhelminthes",3,3,4,11,3.57777777777778,3.97728395061728
"Mesidionema","Mesidionematidae","Spirurida","Chromadorea","Nematoda",1,1,0,1,1,NA
"Mesocestoides","Mesocestoididae","Cyclophyllidea","Cestoda","Platyhelminthes",26,3,375,365,4.26433358153388,1.05273882741783
"Metacanthocephalus","Rhadinorhynchidae","Echinorhynchida","Palaeacanthocephala","Acanthocephala",7,2,2,65,3.62446657183499,2.54176269553974
"Mooleptus","Gnathostomatidae","Spirurida","Chromadorea","Nematoda",1,3,1,5,4,2
"Metastrongylus","Metastrongylidae","Rhabditida","Chromadorea","Nematoda",9,2,88,49,3.86021505376344,3.46648167418199
"Metroliasthes","Paruterinidae","Cyclophyllidea","Cestoda","Platyhelminthes",2,2,3,11,4.6,2.77333333333333
"Microcephaloides","Anoplocephalidae","Cyclophyllidea","Cestoda","Platyhelminthes",1,2,1,6,4.2,4.16
"Micropleura","Dracunculidae","Spirurida","Chromadorea","Nematoda",8,2,5,11,4.19444444444444,1.87885802469136
"Microsomacanthus","Hymenolepididae","Cyclophyllidea","Cestoda","Platyhelminthes",63,2.28571428571429,26,409,4.95275502188307,2.20548870656635
"Microtetrameres","Habronematidae","Spirurida","Chromadorea","Nematoda",18,2,13,131,4.16430412371134,1.26789247108265
"Molineus","Molineidae","Rhabditida","Chromadorea","Nematoda",18,1,30,62,3.18816067653277,0.729923255366984
"Molluscotaenia","Dilepididae","Cyclophyllidea","Cestoda","Platyhelminthes",3,2,2,26,4.24242424242424,3.75941230486685
"Moniezia","Anoplocephalidae","Cyclophyllidea","Cestoda","Platyhelminthes",23,2,196,156,4.04183635690485,2.93827193323575
"Moniliformis","Moniliformidae","Moniliformida","Archiacanthocephala","Acanthocephala",11,2,177,149,4.55989175331149,1.96468672806331
"Monobothrium","Caryophyllaeidae","Caryophyllidea","Cestoda","Platyhelminthes",6,2,10,23,3.54736842105263,3.30038781163435
"Monoecocestus","Anoplocephalidae","Cyclophyllidea","Cestoda","Platyhelminthes",14,2,18,35,4.5,2.53
"Mosgovoyia","Anoplocephalidae","Cyclophyllidea","Cestoda","Platyhelminthes",7,2,23,22,2.31617647058824,4.01032655709343
"Muellerius","Protostrongylidae","Rhabditida","Chromadorea","Nematoda",6,2,94,94,3.92796248934356,2.35329312050258
"Multitesticulata","Dilepididae","Cyclophyllidea","Cestoda","Platyhelminthes",2,2,3,5,2.5,0.583333333333333
"Nematodiroides","Molineidae","Rhabditida","Chromadorea","Nematoda",1,1,7,2,2,0
"Nematodirus","Molineidae","Rhabditida","Chromadorea","Nematoda",44,1,661,230,3.41765873015873,0.994211978772991
"Nematoparataenia","Nematoparataeniidae","Aporidea","Cestoda","Platyhelminthes",2,2,1,5,3.83333333333333,4.80555555555556
"Neocamallanus","Camallanidae","Spirurida","Chromadorea","Nematoda",6,2.5,2,23,4.26923076923077,2.81213017751479
"Neoctenotaenia","Anoplocephalidae","Cyclophyllidea","Cestoda","Platyhelminthes",1,2,1,6,4.4,4.04
"Neoechinorhynchus","Neoechinorhynchidae","Neoechinorhynchida","Eoacanthocephala","Acanthocephala",83,3,101,475,4.04704906130069,0.722109588817965
"Neogryporhynchus","Dilepididae","Cyclophyllidea","Cestoda","Platyhelminthes",2,3,11,25,3.83333333333333,2.03743961352657
"Neoskrjabinolepis","Hymenolepididae","Cyclophyllidea","Cestoda","Platyhelminthes",4,2,5,38,1.9,2.09
"Neostrongylus","Protostrongylidae","Rhabditida","Chromadorea","Nematoda",3,2,35,38,3.54010695187166,3.0612256570105
"Nesolecithus","Schizochoeridae","Amphilinidea","Cestoda","Platyhelminthes",2,2,2,3,5,2
"Nippotaenia","Nippotaeniidae","Nippotaeniidea","Cestoda","Platyhelminthes",3,3,4,11,4.12727272727273,1.20198347107438
"Nybelinia","Tentaculariidae","Trypanorhyncha","Cestoda","Platyhelminthes",53,3,24,509,4.43502526917161,0.807823256154847
"Obeliscoides","Cooperiidae","Rhabditida","Chromadorea","Nematoda",6,1,23,19,3.30555555555556,1.10108024691358
"Octospinifer","Neoechinorhynchidae","Neoechinorhynchida","Eoacanthocephala","Acanthocephala",3,2,3,6,3,6
"Octospiniferoides","Neoechinorhynchidae","Neoechinorhynchida","Eoacanthocephala","Acanthocephala",4,3,1,11,4.37777777777778,1.92395061728395
"Oesophagostomum","Cloacinidae","Rhabditida","Chromadorea","Nematoda",36,1,682,195,3.26169473402833,0.711788520552328
"Ohbayashinema","Heligmosomatidae","Rhabditida","Chromadorea","Nematoda",1,1,5,3,1,0
"Oligacanthorhynchus","Oligacanthorhynchidae","Oligacanthorhynchida","Archiacanthocephala","Acanthocephala",15,2,10,28,4.51811594202899,0.771410943079185
"Ollulanus","Molineidae","Rhabditida","Chromadorea","Nematoda",3,1,22,11,2.72222222222222,0.756172839506173
"Onchobothrium","Onchobothriidae","Tetraphyllidea","Cestoda","Platyhelminthes",3,3,4,30,3.17378917378917,1.23190558518194
"Onchocamallanus","Camallanidae","Spirurida","Chromadorea","Nematoda",1,2,0,3,4.66666666666667,3.55555555555556
"Oncicola","Oligacanthorhynchidae","Oligacanthorhynchida","Archiacanthocephala","Acanthocephala",13,3,18,71,4.04558737580362,1.21358514593064
"Oochoristica","Linstowiidae","Cyclophyllidea","Cestoda","Platyhelminthes",49,2,52,205,3.60696314429485,1.56550027023148
"Ophidascaris","Ophidascaridae","Ascaridida","Chromadorea","Nematoda",32,2.33333333333333,13,228,3.914975131066,1.2673372456512
"Ophiotaenia","Proteocephalidae","Proteocephalidea","Cestoda","Platyhelminthes",35,2.57142857142857,14,95,4.49573742540494,1.86635011690283
"Ophryocotyle","Davaineidae","Cyclophyllidea","Cestoda","Platyhelminthes",3,2,0,23,3.45789473684211,2.11138504155125
"Ornithostrongylus","Strongylidae","Rhabditida","Chromadorea","Nematoda",10,1,4,19,2.67948717948718,1.16650230111769
"Oslerus","Filaroididae","Rhabditida","Chromadorea","Nematoda",3,2,21,18,4.83823529411765,1.87089100346021
"Ostertagia","Haemonchidae","Rhabditida","Chromadorea","Nematoda",51,1,1108,238,2.73214285714286,0.893388605442177
"Oswaldocruzia","Molineidae","Rhabditida","Chromadorea","Nematoda",66,1,61,256,3.82795955736008,1.19872785633748
"Otostrongylus","Crenosomatidae","Rhabditida","Chromadorea","Nematoda",3,2,13,19,3.96153846153846,2.60108481262327
"Oxyspirura","Thelaziidae","Spirurida","Chromadorea","Nematoda",28,2,16,77,3.64309764309764,0.773630808647644
"Oxyuris","Oxyuridae","Oxyurida","Chromadorea","Nematoda",16,1,61,29,4.29004329004329,1.20158917561515
"Pallisentis","Quadrigyridae","Gyracanthocephala","Eoacanthocephala","Acanthocephala",27,3,19,96,3.98188194038574,0.830180210492085
"Parabisaccanthes","Hymenolepididae","Cyclophyllidea","Cestoda","Platyhelminthes",3,2,3,17,4.29166666666667,3.67326388888889
"Paracamallanus","Camallanidae","Spirurida","Chromadorea","Nematoda",16,2.5,12,43,4.2192118226601,1.12189691572229
"Paracapillaria","Capillariidae","Trichocephalida","Enoplea","Nematoda",25,2,8,75,4.39788732394366,0.837382078070929
"Parachristianella","Eutetrarhynchidae","Trypanorhyncha","Cestoda","Platyhelminthes",6,3,11,51,5.21666666666667,1.42100427350427
"Paracuaria","Acuariidae","Spirurida","Chromadorea","Nematoda",6,3,9,89,4.65238558909445,1.53998862899064
"Paradilepis","Gryporhynchidae","Cyclophyllidea","Cestoda","Platyhelminthes",8,3,17,53,3.98097251585624,1.58948996330382
"Parafilaroides","Filaroididae","Rhabditida","Chromadorea","Nematoda",5,2,24,22,3.82417582417582,2.27677816688806
"Paranoplocephala","Anoplocephalidae","Cyclophyllidea","Cestoda","Platyhelminthes",30,2,35,172,3.24108108108108,2.27305108351595
"Paraorygmatobothrium","Phyllobothriidae","Phyllobothriidea","Cestoda","Platyhelminthes",8,3,13,13,3.85454545454545,1.4697520661157
"Paraquimperia","Quimperiidae","Ascaridida","Chromadorea","Nematoda",5,2,11,15,3.40659340659341,1.3621543291873
"Parascaris","Ascarididae","Ascaridida","Chromadorea","Nematoda",3,1,2262,11,2.69444444444444,4.43441358024691
"Parasciurotaenia","Anoplocephalidae","Cyclophyllidea","Cestoda","Platyhelminthes",1,2,0,5,4.6,3.24
"Paraspiralatus","Spirocercidae","Spirurida","Chromadorea","Nematoda",1,3,2,8,4.71428571428571,1.3469387755102
"Paratenuisentis","Tenuisentidae","Neoechinorhynchida","Eoacanthocephala","Acanthocephala",1,2,23,16,4.48333333333333,1.43305555555556
"Parelaphostrongylus","Protostrongylidae","Rhabditida","Chromadorea","Nematoda",4,2,95,77,4.43074225599065,2.58886204402974
"Paricterotaenia","Dilepididae","Cyclophyllidea","Cestoda","Platyhelminthes",17,2,6,49,3.85775248933144,2.47763193304857
"Paruterina","Paruterinidae","Cyclophyllidea","Cestoda","Platyhelminthes",38,2,5,83,4.11875,0.808494591346154
"Parvitaenia","Gryporhynchidae","Cyclophyllidea","Cestoda","Platyhelminthes",8,3,9,23,3.66666666666667,1.82456140350877
"Passalurus","Oxyuridae","Oxyurida","Chromadorea","Nematoda",4,1,35,20,2.71895424836601,1.6399675338545
"Passerilepis","Hymenolepididae","Cyclophyllidea","Cestoda","Platyhelminthes",15,2,2,92,3.88078431372549,1.72225820838139
"Paulisentis","Neoechinorhynchidae","Neoechinorhynchida","Eoacanthocephala","Acanthocephala",2,2.5,5,4,4.66666666666667,3.55555555555556
"Pearsonema","Capillariidae","Trichocephalida","Enoplea","Nematoda",4,2,18,25,3.43157894736842,2.77163434903047
"Pedibothrium","Onchobothriidae","Tetraphyllidea","Cestoda","Platyhelminthes",12,3,0,17,4.33333333333333,0.8
"Pharurus","Pseudaliidae","Rhabditida","Chromadorea","Nematoda",6,2,2,10,3.58333333333333,1.52083333333333
"Philometra","Philometridae","Spirurida","Chromadorea","Nematoda",69,2.28571428571429,120,270,4.15207792207792,0.864404773148929
"Philometroides","Philometridae","Spirurida","Chromadorea","Nematoda",23,2.16666666666667,40,84,4.69096334185848,1.87764212397587
"Philonema","Philometridae","Spirurida","Chromadorea","Nematoda",7,2,9,61,3.63002114164905,2.44028266340081
"Phoreiobothrium","Onchobothriidae","Tetraphyllidea","Cestoda","Platyhelminthes",4,3,8,13,3.1969696969697,2.55211202938476
"Physaloptera","Physalopteridae","Spirurida","Chromadorea","Nematoda",92,2.5,561,605,4.60446401457637,0.782745534665166
"Physocephalus","Spirocercidae","Spirurida","Chromadorea","Nematoda",11,3,38,208,4.91045625213335,1.49363170672761
"Placoconus","Ancylostomatidae","Rhabditida","Chromadorea","Nematoda",1,1,1,3,3,0
"Plagiorhynchus","Plagiorhynchidae","Polymorphida","Palaeacanthocephala","Acanthocephala",17,2,14,116,4.19537863189202,1.02931746702453
"Platyscolex","Dilepididae","Cyclophyllidea","Cestoda","Platyhelminthes",1,2,2,20,2.56140350877193,3.10003077870114
"Pneumostrongylus","Protostrongylidae","Rhabditida","Chromadorea","Nematoda",1,2,15,3,4.66666666666667,3.55555555555556
"Poecilancistrium","Otobothriidae","Trypanorhyncha","Cestoda","Platyhelminthes",1,4,3,13,4.33333333333333,3.16161616161616
"Polydelphis","Ophidascaridae","Ascaridida","Chromadorea","Nematoda",6,4,2,28,3.68831168831169,1.46129195479845
"Polymorphus","Polymorphidae","Polymorphida","Palaeacanthocephala","Acanthocephala",40,2,111,284,4.84024807527802,1.16288821904035
"Polyonchobothrium","Bothriocephalidae","Bothriocephalidea","Cestoda","Platyhelminthes",14,2.5,8,30,4.41991341991342,1.67215756826146
"Pomphorhynchus","Pomphorhynchidae","Echinorhynchida","Palaeacanthocephala","Acanthocephala",27,3,171,282,4.06286728956158,1.26899405320348
"Porrocaecum","Toxocaridae","Ascaridida","Chromadorea","Nematoda",44,2.25,37,393,4.81420064131929,0.772075025249245
"Procamallanus","Camallanidae","Spirurida","Chromadorea","Nematoda",115,2.33333333333333,71,384,4.01827888878834,0.67682933651236
"Prochristianella","Eutetrarhynchidae","Trypanorhyncha","Cestoda","Platyhelminthes",18,3,18,50,4.20336134453782,1.92671139043853
"Procyrnea","Habronematidae","Spirurida","Chromadorea","Nematoda",13,3,10,72,4.06666666666667,1.06771241830065
"Profilicollis","Polymorphidae","Polymorphida","Palaeacanthocephala","Acanthocephala",9,2.2,31,80,4.72163461538462,1.39510886649408
"Proleptus","Physalopteridae","Spirurida","Chromadorea","Nematoda",7,2,8,34,4.66931216931217,1.69752386551328
"Prosthenorchis","Oligacanthorhynchidae","Oligacanthorhynchida","Archiacanthocephala","Acanthocephala",5,2,12,32,3.94202898550725,2.9676538542323
"Protenema","Micropleuridae","Spirurida","Chromadorea","Nematoda",1,2,1,2,6,0
"Proteocephalus","Proteocephalidae","Proteocephalidea","Cestoda","Platyhelminthes",119,2.75,132,756,4.38515166842098,1.04317460312276
"Protospirura","Spiruridae","Spirurida","Chromadorea","Nematoda",16,2,34,141,3.76374841972187,1.84004486211824
"Protostrongylus","Protostrongylidae","Rhabditida","Chromadorea","Nematoda",29,2,63,165,4.07675070028011,2.84452949807374
"Pseudalius","Pseudaliidae","Rhabditida","Chromadorea","Nematoda",2,2,5,12,4.02222222222222,2.19950617283951
"Pseudanoplocephala","Hymenolepididae","Cyclophyllidea","Cestoda","Platyhelminthes",2,2,5,9,4.57142857142857,2.6734693877551
"Pseudanthobothrium","Echeneibothriidae","Rhinebothriidea","Cestoda","Platyhelminthes",7,2,7,48,3.56707317073171,1.41379387269482
"Pseudhymenolepis","Hymenolepididae","Cyclophyllidea","Cestoda","Platyhelminthes",11,2,3,18,3.24444444444444,4.58469135802469
"Pseudocapillaria","Capillariidae","Trichocephalida","Enoplea","Nematoda",24,2,22,148,3.74748757008357,0.832566680396645
"Pseudocorynosoma","Polymorphidae","Polymorphida","Palaeacanthocephala","Acanthocephala",1,2,7,11,2.56363636363636,2.75504132231405
"Pseudodelphis","Guyanemidae","Spirurida","Chromadorea","Nematoda",1,2,4,8,3.96428571428571,1.96301020408163
"Pseudophysaloptera","Physalopteridae","Spirurida","Chromadorea","Nematoda",9,2,5,17,3.95604395604396,1.14092500905688
"Pseudoproleptus","Cystidicolidae","Spirurida","Chromadorea","Nematoda",10,2,6,12,4.53333333333333,1.31555555555556
"Pseudoterranova","Anisakidae","Ascaridida","Chromadorea","Nematoda",13,5,135,438,4.52957269411152,1.00303374132839
"Pterygodermatites","Rictulariidae","Spirurida","Chromadorea","Nematoda",30,2.125,44,107,4.70266479663394,1.38798261367891
"Ptilotolepis","Dilepididae","Cyclophyllidea","Cestoda","Platyhelminthes",4,2,0,6,5.33333333333333,1.22222222222222
"Quadriplotriaena","Diplotriaenidae","Spirurida","Chromadorea","Nematoda",1,2,0,3,4.33333333333333,5.55555555555555
"Rabbium","Seuratidae","Ascaridida","Chromadorea","Nematoda",1,2,0,2,1,NA
"Raillietina","Davaineidae","Cyclophyllidea","Cestoda","Platyhelminthes",141,2,6250,391,4.81860330339032,1.31771824628292
"Raphidascaris","Raphidascarididae","Ascaridida","Chromadorea","Nematoda",23,3.5,79,344,4.57662005342192,1.13205556435645
"Retinometra","Hymenolepididae","Cyclophyllidea","Cestoda","Platyhelminthes",23,2,3,129,4.74777853725222,2.53173635013402
"Rhabdochona","Rhabdochonidae","Spirurida","Chromadorea","Nematoda",126,2,79,581,3.99592051783833,1.23952874394602
"Rhodobothrium","Rhinebothriidae","Rhinebothriidea","Cestoda","Platyhelminthes",3,2,7,7,4.73333333333333,2.46222222222222
"Rictularia","Rictulariidae","Spirurida","Chromadorea","Nematoda",52,2,21,190,3.92960800667223,1.28612086385583
"Rodentolepis","Hymenolepididae","Cyclophyllidea","Cestoda","Platyhelminthes",25,2,36,106,3.83450395083407,2.15478840626183
"Ryjikovilepis","Schistotaeniidae","Cyclophyllidea","Cestoda","Platyhelminthes",1,2,0,6,3,6
"Salvelinema","Cystidicolidae","Spirurida","Chromadorea","Nematoda",7,2,5,22,3.06666666666667,3.45269841269841
"Schistocephalus","Diphyllobothriidae","Diphyllobothriidea","Cestoda","Platyhelminthes",6,3,156,120,4.88017917133259,1.19124207316079
"Schistotaenia","Schistotaeniidae","Cyclophyllidea","Cestoda","Platyhelminthes",10,2,2,42,4.15384615384615,4.24006762468301
"Schizorchis","Anoplocephalidae","Cyclophyllidea","Cestoda","Platyhelminthes",5,2,4,12,3.76363636363636,3.78049586776859
"Sciurotaenia","Anoplocephalidae","Cyclophyllidea","Cestoda","Platyhelminthes",1,2,0,6,4,4.8
"Sclerocollum","Rhadinorhynchidae","Echinorhynchida","Palaeacanthocephala","Acanthocephala",4,2,8,10,2.69444444444444,4.43441358024691
"Serpinema","Camallanidae","Spirurida","Chromadorea","Nematoda",6,3,15,28,4.72615384615385,1.85423905325444
"Serratospiculum","Diplotriaenidae","Spirurida","Chromadorea","Nematoda",8,2,16,17,4.43939393939394,3.21602387511478
"Seuratum","Seuratidae","Ascaridida","Chromadorea","Nematoda",6,2,7,22,3.59047619047619,2.68943310657596
"Sicarius","Habronematidae","Spirurida","Chromadorea","Nematoda",4,2,5,10,4.67857142857143,2.8609693877551
"Simondsia","Spirocercidae","Spirurida","Chromadorea","Nematoda",2,3,5,23,4.90476190476191,1.58400329828901
"Skrjabinelazia","Seuratidae","Ascaridida","Chromadorea","Nematoda",8,2,10,29,2.94761904761905,1.29725623582766
"Skrjabinema","Oxyuridae","Oxyurida","Chromadorea","Nematoda",9,1,26,37,2.2536231884058,0.297994118882588
"Skrjabingylus","Metastrongylidae","Rhabditida","Chromadorea","Nematoda",8,3,16,54,4.33717948717949,3.01836127547666
"Skrjabinocerca","Acuariidae","Spirurida","Chromadorea","Nematoda",4,2,3,34,3.82051282051282,1.46351084812623
"Skrjabinoclava","Acuariidae","Spirurida","Chromadorea","Nematoda",32,2,4,72,3.65725806451613,2.05591506243496
"Skrjabinoptera","Physalopteridae","Spirurida","Chromadorea","Nematoda",8,2,5,69,2.99375,1.03505709134615
"Sobolevicanthus","Hymenolepididae","Cyclophyllidea","Cestoda","Platyhelminthes",30,2.5,10,202,4.84725965858041,2.40218700984606
"Soboliphyme","Soboliphymatidae","Dioctophymatida","Enoplea","Nematoda",9,2.33333333333333,10,42,3.07956989247312,1.3635611053301
"Southwellina","Polymorphidae","Polymorphida","Palaeacanthocephala","Acanthocephala",5,3,10,53,4.30204081632653,1.21489379425239
"Spathebothrium","Spathebothriidae","Spathebothriidea","Cestoda","Platyhelminthes",1,2,3,12,3.66666666666667,3.31313131313131
"Sphaerirostris","Centrorhynchidae","Polymorphida","Palaeacanthocephala","Acanthocephala",9,3,9,65,4.36862745098039,1.05313341022684
"Spinicauda","Heterakidae","Ascaridida","Chromadorea","Nematoda",10,1,6,14,3.19230769230769,0.796351084812623
"Spinitectus","Rhabdochonidae","Spirurida","Chromadorea","Nematoda",70,2.4,43,302,4.47489666574814,0.977945187723796
"Spirocamallanus","Camallanidae","Spirurida","Chromadorea","Nematoda",61,2.25,55,227,4.05417111292449,0.556038561894807
"Spirocerca","Thelaziidae","Spirurida","Chromadorea","Nematoda",8,3,439,160,4.91510576833473,1.54707495619727
"Spirometra","Diphyllobothriidae","Diphyllobothriidea","Cestoda","Platyhelminthes",9,4,248,178,4.57989280023178,1.17654485305985
"Spiroxys","Gnathostomatidae","Spirurida","Chromadorea","Nematoda",17,3,21,172,4.56459180481702,0.924380708676453
"Spirura","Spiruridae","Spirurida","Chromadorea","Nematoda",27,2,13,78,4.56346153846154,1.27385724852071
"Spongiobothrium","Rhinebothriidae","Rhinebothriidea","Cestoda","Platyhelminthes",1,3,3,3,4,2
"Staphylocystis","Hymenolepididae","Cyclophyllidea","Cestoda","Platyhelminthes",36,2,11,106,4.2677793904209,3.43990522854477
"Stephanurus","Strongylidae","Rhabditida","Chromadorea","Nematoda",2,2,42,7,4.93333333333333,1.79555555555556
"Sterliadochona","Thelaziidae","Spirurida","Chromadorea","Nematoda",4,2,2,40,3.63650793650794,1.9900957420005
"Stilesia","Anoplocephalidae","Cyclophyllidea","Cestoda","Platyhelminthes",10,2,28,50,3.52116402116402,3.02732986198595
"Streptocara","Acuariidae","Spirurida","Chromadorea","Nematoda",10,3,11,141,4.09341468546181,1.28687647373342
"Streptopharagus","Spirocercidae","Spirurida","Chromadorea","Nematoda",13,2,15,75,4.34131205673759,2.80815146999648
"Strongylus","Strongylidae","Rhabditida","Chromadorea","Nematoda",14,1,141,49,3.92022792022792,1.03067345232587
"Subulura","Subuluridae","Ascaridida","Chromadorea","Nematoda",47,2,32,166,4.45014005602241,1.16908261343753
"Sulcascaris","Anisakidae","Ascaridida","Chromadorea","Nematoda",2,2,6,14,4.75641025641026,1.1586127547666
"Syncuaria","Acuariidae","Spirurida","Chromadorea","Nematoda",9,3,11,30,4.46723646723647,1.51958182157612
"Syngamus","Syngamidae","Rhabditida","Chromadorea","Nematoda",10,2,47,117,4.82760629004077,1.7606123831404
"Syphacia","Oxyuridae","Oxyurida","Chromadorea","Nematoda",56,1,414,277,2.91312015949697,0.651373755134581
"Hydatigera","Taeniidae","Cyclophyllidea","Cestoda","Platyhelminthes",8,2,1128,96,3.27451923076923,0.760696884245562
"Taenia","Taeniidae","Cyclophyllidea","Cestoda","Platyhelminthes",170,2,1128,1079,4.0856331698117,0.760717039982417
"Versteria","Taeniidae","Cyclophyllidea","Cestoda","Platyhelminthes",1,2,1128,40,3.0025641025641,0.771788297172913
"Tanaorhamphus","Neoechinorhynchidae","Neoechinorhynchida","Eoacanthocephala","Acanthocephala",2,2,1,5,4.5,2.25
"Tarsubulura","Subuluridae","Ascaridida","Chromadorea","Nematoda",1,2,1,6,4.6,2.90666666666667
"Tatria","Amabiliidae","Cyclophyllidea","Cestoda","Platyhelminthes",21,2,7,71,4.3988603988604,3.19703573834628
"Tegorhynchus","Illiosentidae","Echinorhynchida","Palaeacanthocephala","Acanthocephala",6,2,3,22,4.3,0.894210526315789
"Teladorsagia","Haemonchidae","Rhabditida","Chromadorea","Nematoda",9,1,516,72,2.55665024630542,0.463539518066442
"Tetrabothrius","Tetrabothriidae","Tetrabothriidea","Cestoda","Platyhelminthes",46,3,36,134,4.17946401686239,1.1529778518368
"Tetrameres","Tetrameridae","Spirurida","Chromadorea","Nematoda",54,2,483,272,4.3554137197401,1.23375238906828
"Thelastoma","Thelastomatidae","Oxyurida","Chromadorea","Nematoda",62,1,17,83,4.48181818181818,1.41734618916437
"Thubunaea","Physalopteridae","Spirurida","Chromadorea","Nematoda",16,2,8,53,3.14401858304297,1.0175861738707
"Thysaniezia","Anoplocephalidae","Cyclophyllidea","Cestoda","Platyhelminthes",4,2,12,32,4.01139601139601,3.21354534459948
"Toxascaris","Toxocaridae","Ascaridida","Chromadorea","Nematoda",5,2,183,55,3.10144927536232,1.13463558076034
"Toxocara","Toxocaridae","Ascaridida","Chromadorea","Nematoda",29,1.4,762,204,3.80139069969578,1.13062532946298
"Travassosascaris","Ophidascaridae","Ascaridida","Chromadorea","Nematoda",1,2,1,2,5,0
"Triaenophorus","Triaenophoridae","Bothriocephalidea","Cestoda","Platyhelminthes",11,3,72,173,4.38345646820223,1.71751278120653
"Trichosomoides","Trichinellidae","Trichocephalida","Enoplea","Nematoda",4,1,36,13,2.65454545454545,1.42611570247934
"Trichospirura","Rhabdochonidae","Spirurida","Chromadorea","Nematoda",4,2,12,20,4.00653594771242,2.7123755820411
"Trichostrongylus","Trichostrongylidae","Rhabditida","Chromadorea","Nematoda",47,1,1500,403,3.91606467148263,0.986762910162285
"Trichuris","Trichuridae","Trichocephalida","Enoplea","Nematoda",56,1,1175,367,3.73594840068448,0.522791341991102
"Trilobostrongylus","Metastrongylidae","Rhabditida","Chromadorea","Nematoda",1,3,0,9,4.94444444444444,1.55246913580247
"Triodontolepis","Hymenolepididae","Cyclophyllidea","Cestoda","Platyhelminthes",9,2,3,32,3.92727272727273,4.86743801652892
"Triodontophorus","Strongylidae","Rhabditida","Chromadorea","Nematoda",13,1,40,39,1.75,1.6875
"Troglostrongylus","Crenosomatidae","Rhabditida","Chromadorea","Nematoda",5,3,39,17,4.45588235294118,3.1451124567474
"Truttaedacnitis","Cucullanidae","Ascaridida","Chromadorea","Nematoda",8,1.5,11,23,3.85380116959064,2.18330426456004
"Tschertkovilepis","Hymenolepididae","Cyclophyllidea","Cestoda","Platyhelminthes",6,2,2,72,4.75113122171946,3.09794366754707
"Turgida","Physalopteridae","Spirurida","Chromadorea","Nematoda",2,2,12,18,4.25735294117647,3.72053416955017
"Umingmakstrongylus","Protostrongylidae","Rhabditida","Chromadorea","Nematoda",1,2,9,5,4.5,3.65
"Uncinaria","Ancylostomatidae","Rhabditida","Chromadorea","Nematoda",18,1,119,60,3.12946859903382,0.754252374617844
"Urocystis","Hymenolepididae","Cyclophyllidea","Cestoda","Platyhelminthes",1,2,1,8,3.57142857142857,5.48299319727891
"Valipora","Gryporhynchidae","Cyclophyllidea","Cestoda","Platyhelminthes",11,3,11,60,4.30342275670675,1.19378106919536
"Vampirolepis","Hymenolepididae","Cyclophyllidea","Cestoda","Platyhelminthes",135,2,24,308,3.64083850931677,1.28730737143629
"Varestrongylus","Protostrongylidae","Rhabditida","Chromadorea","Nematoda",9,2,23,73,4.25925925925926,2.44221859875249
"Variolepis","Hymenolepididae","Cyclophyllidea","Cestoda","Platyhelminthes",16,2,0,56,3.97004830917874,1.77398212327009
"Vaucherilepis","Hymenolepididae","Cyclophyllidea","Cestoda","Platyhelminthes",1,2,1,2,6,0
"Vigisolepis","Hymenolepididae","Cyclophyllidea","Cestoda","Platyhelminthes",3,2,1,12,2.64285714285714,3.94387755102041
"Vigisospirura","Spirocercidae","Spirurida","Chromadorea","Nematoda",3,2,2,43,4.75666666666667,2.45745555555556
"Wardium","Hymenolepididae","Cyclophyllidea","Cestoda","Platyhelminthes",32,2,19,85,4.06231094978826,1.97615364317714
